Workbook

Sheet Inputs
A1: Input | B1: Value | C1: Unit | D1: Notes
A2: Monthly invoice volume | B2: 5000 | C2: invoices
A3: AP headcount (FTE) | B3: 12 | C3: people
A4: Fully loaded labour cost (annual) | B4: 65000 | C4: USD/FTE
A5: Manual touch rate (%) | B5: 68 | C5: %
A6: Exception rate (%) | B6: 16 | C6: %
A7: Avg exception resolution (minutes) | B7: 25 | C7: min
A8: Duplicate invoice rate (%) | B8: 0.8 | C8: %
A9: Avg cost per duplicate incident | B9: 2500 | C9: USD
A10: Current cost per invoice | B10: 9.4 | C10: USD
A11: AI/tool monthly cost | B11: 3500 | C11: USD
A12: Implementation cost (one-time) | B12: 75000 | C12: USD
A13: Efficiency improvement - Conservative (%) | B13: 15 | C13: %
... A15: Efficiency improvement - Upside (%) | B15: 45 | C15: %

Sheet Outputs
A1: Metric | B1: Conservative | C1: Base | D1: Upside
A2: Annual invoice volume | B2: =Inputs!B2*12 | C2: =Inputs!B2*12 | D2: =Inputs!B2*12
A3: Annual AP labour cost | B3: =Inputs!B3*Inputs!B4 | C3: =Inputs!B3*Inputs!B4 | D3: =Inputs!B3*Inputs!B4
A4: Baseline processing cost | B4: =B2*Inputs!B10 | C4: =C2*Inputs!B10 | D4: =D2*Inputs!B10
A5: Hours on manual touch (annual) | B5: =B2*Inputs!B5/100*8/60 | C5: =C2*Inputs!B5/100*8/60 | D5: =D2*Inputs!B5/100*8/60
A6: Exception volume (annual) | B6: =B2*Inputs!B6/100 | C6: =C2*Inputs!B6/100 | D6: =D2*Inputs!B6/100
A7: Efficiency gain (%) | B7: =Inputs!B13 | C7: =Inputs!B14 | D7: =Inputs!B15
A8: Est. hours released | B8: =B5*Inputs!B13/100 | C8: =C5*Inputs!B14/100 | D8: =D5*Inputs!B15/100
A9: Est. labour savings (USD) | B9: =B8*Inputs!B4/2080 | C9: =C8*Inputs!B4/2080 | D9: =D8*Inputs!B4/2080
A10: Duplicate prevention savings | B10: =B2*Inputs!B8/100*Inputs!B9 | C10: =C2*Inputs!B8/100*Inputs!B9 | D10: =D2*Inputs!B8/100*Inputs!B9
A11: Total annual benefit | B11: =B10+B11 | C11: =C10+C11 | D11: =D10+D11
A12: Total annual cost (tools) | B12: =Inputs!B11*12 | C12: =Inputs!B11*12 | D12: =Inputs!B11*12
A13: Net annual benefit | B13: =B12-B13 | C13: =C12-C13 | D13: =D12-D13
A14: Payback (months) | B14: =Inputs!B12/(B14/12) | C14: =Inputs!B12/(C14/12) | D14: =Inputs!B12/(D14/12)
A15: 3-year ROI (%) | B15: =(B14*3-Inputs!B12)/Inputs!B12*100 | C15: =(C14*3-Inputs!B12)/Inputs!B12*100 | D15: =(D14*3-Inputs!B12)/Inputs!B12*100
A17: DISCLAIMER: Illustrative model only. Results depend on implementation scope, data quality, and organisational factors. Not a guarantee of savings.
